Amuleta cu  Rudraksha,//i1.wp.com/totulestefengshui.ro/wp-content/uploads/2017/07/14-mukhi-2015.jpg?fit=300%2C300,128.00lei
AMULETA CU CEI 3 CELESTI,//i0.wp.com/totulestefengshui.ro/wp-content/uploads/2018/02/amuleta-breloc-trei-CELESTI.jpg?fit=300%2C200,120.00lei
Amuleta cu Mana lui Fatima,//i2.wp.com/totulestefengshui.ro/wp-content/uploads/2018/02/breloc-feng-shui-cu-mana-lui-hamsa-2018-600x541.jpg?fit=300%2C271,120.00lei
"Amuleta cu rinocerul si elefantul albastru impotriva furturilor, jafurilor si violentelor",//i1.wp.com/totulestefengshui.ro/wp-content/uploads/2017/03/Anti-burglary.jpg?fit=300%2C300,80.00lei
Amuleta cu simbolul Dorje aurie,//i2.wp.com/totulestefengshui.ro/wp-content/uploads/2018/02/breloc-feng-shui-cu-dorja-2018-600x541poza.jpg?fit=300%2C271,120.00lei
Amuleta cu Stupa Kalachakra si Silaba Hum pe Lotus,//i2.wp.com/totulestefengshui.ro/wp-content/uploads/2017/04/descarcare-11.jpg?fit=225%2C225,80.00lei
Amuleta cu Wou Lou pentru sanatate si protectie,//i2.wp.com/totulestefengshui.ro/wp-content/uploads/2018/02/B-ratari-Feng-Shui_Page_47.png?fit=300%2C300,280.00lei
Amuleta cu Wu Luo si Garuda pentru sanatate,//i1.wp.com/totulestefengshui.ro/wp-content/uploads/2017/12/amuleta-cu-garuda-si-wo-lou.jpg?fit=300%2C300,118.00lei
Amuleta Feng Shui cu Piciorul lui Buddha – 2018,//i0.wp.com/totulestefengshui.ro/wp-content/uploads/2018/02/breloc-feng-shui-cu-piciorul-lui-buddha-2018-600x541.jpg?fit=300%2C271,120.00lei
Amuleta Feng Shui cu Roata Rugaciunilor – 2018,//i1.wp.com/totulestefengshui.ro/wp-content/uploads/2018/02/breloc-feng-shui-roata-rugaciunilor-2018-600x541.jpg?fit=300%2C271,120.00lei
Amuleta pagoda cu cele 5 elemente,//i2.wp.com/totulestefengshui.ro/wp-content/uploads/2017/12/pagoda-celor-5-elemente.jpg?fit=300%2C300,180.00lei
AMULETA PENTRU SANATATE CU WOU LOU SI PASAREA GARUDA,//i1.wp.com/totulestefengshui.ro/wp-content/uploads/2017/03/Garuda-wu-lou.jpg?fit=300%2C300,80.00lei
Amuleta – Trinitatea Cailor,//i0.wp.com/totulestefengshui.ro/wp-content/uploads/2017/03/amuleta-trinitatea-cailor.jpg?fit=300%2C300,80.00lei
AMULETA CU CEI 3 CELESTI,//i0.wp.com/totulestefengshui.ro/wp-content/uploads/2018/02/amuleta-breloc-trei-CELESTI.jpg?fit=300%2C200,120.00lei
Amuleta cu Copacul dorintelor auriu,//i1.wp.com/totulestefengshui.ro/wp-content/uploads/2017/07/006.jpg?fit=95%2C95,80.00lei
Amuleta cu Mana lui Fatima,//i2.wp.com/totulestefengshui.ro/wp-content/uploads/2018/02/breloc-feng-shui-cu-mana-lui-hamsa-2018-600x541.jpg?fit=300%2C271,120.00lei
Amuleta cu Pasarea Phoenix,//i2.wp.com/totulestefengshui.ro/wp-content/uploads/2017/04/feng_shui_ameleta_cu_phoenix_stacojiu.jpg?fit=300%2C300,80.00lei
Amuleta cu pepite din jad,//i2.wp.com/totulestefengshui.ro/wp-content/uploads/2017/03/013.jpg?fit=300%2C300,10.00lei
Amuleta cu simbolul Dorje aurie,//i2.wp.com/totulestefengshui.ro/wp-content/uploads/2018/02/breloc-feng-shui-cu-dorja-2018-600x541poza.jpg?fit=300%2C271,120.00lei
Amuleta cu steaua nordului,//i1.wp.com/totulestefengshui.ro/wp-content/uploads/2017/03/heavenly-star.jpg?fit=300%2C300,80.00lei
Amuleta Feng Shui cu Roata Rugaciunilor – 2018,//i1.wp.com/totulestefengshui.ro/wp-content/uploads/2018/02/breloc-feng-shui-roata-rugaciunilor-2018-600x541.jpg?fit=300%2C271,120.00lei
Amuleta pentru Prosperitate si Succes in Cariera,//i2.wp.com/totulestefengshui.ro/wp-content/uploads/2017/03/Wealth-and-success-amulet.jpg?fit=300%2C300,80.00lei
Amuleta scolastica -( cu Crapul Dragon) pentru educatie si invatatura,//i1.wp.com/totulestefengshui.ro/wp-content/uploads/2017/03/Education-scholastic.jpg?fit=300%2C300,80.00lei
Amuleta- Roata rugaciuni verde,//i1.wp.com/totulestefengshui.ro/wp-content/uploads/2017/03/amuleta-roata-rugaciunii-verde.jpg?fit=300%2C300,80.00lei
Amuleta – Roata rugaciuni roz,//i1.wp.com/totulestefengshui.ro/wp-content/uploads/2017/03/Picture3.png?fit=227%2C300,80.00lei
Amuleta cu  Rudraksha,//i1.wp.com/totulestefengshui.ro/wp-content/uploads/2017/07/14-mukhi-2015.jpg?fit=300%2C300,128.00lei
AMULETA CU CEI 3 CELESTI,//i0.wp.com/totulestefengshui.ro/wp-content/uploads/2018/02/amuleta-breloc-trei-CELESTI.jpg?fit=300%2C200,120.00lei
Amuleta cu cifra 8,//i2.wp.com/totulestefengshui.ro/wp-content/uploads/2017/07/Breloc-cu-cifra-8-din-metal-si-cristale-1000x1000.jpg?fit=300%2C300,80.00lei
Amuleta-Umbrela Tibetana,//i2.wp.com/totulestefengshui.ro/wp-content/uploads/2017/03/Umbrela-parasol.jpg?fit=300%2C300,80.00lei
Bratara Calului de Vant pentru atragerea sustinerii divine,//i0.wp.com/totulestefengshui.ro/wp-content/uploads/2018/02/B-ratari-Feng-Shui_Page_04.png?fit=300%2C300,120.00lei
Bratara cu cu toate cele 5 Tare,//i0.wp.com/totulestefengshui.ro/wp-content/uploads/2018/02/B-ratari-Feng-Shui_Page_12.png?fit=300%2C300,120.00lei
Bratara cu jazi si inima,//i1.wp.com/totulestefengshui.ro/wp-content/uploads/2018/02/IMG_3500_burned.jpg?fit=300%2C300,120.00lei
Bratara de atragere a partenerului ideal cu simbolul dublei fericiri,//i2.wp.com/totulestefengshui.ro/wp-content/uploads/2018/02/B-ratari-Feng-Shui_Page_13.png?fit=300%2C300,120.00lei
Bratara de dragoste,//i0.wp.com/totulestefengshui.ro/wp-content/uploads/2018/02/bratara-de-dragoste.png?fit=300%2C300,120.00lei
Bratara de prosperitate cu Pomul Vietii si cei 5 dragoni,//i0.wp.com/totulestefengshui.ro/wp-content/uploads/2018/02/B-ratari-Feng-Shui_Page_22.png?fit=300%2C300,120.00lei
Bratara de protectie universala cu energia tuturor celor 5 elemente,//i1.wp.com/totulestefengshui.ro/wp-content/uploads/2018/02/B-ratari-Feng-Shui_Page_24.png?fit=300%2C300,120.00lei
Amuleta cu  Rudraksha,//i1.wp.com/totulestefengshui.ro/wp-content/uploads/2017/07/14-mukhi-2015.jpg?fit=300%2C300,128.00lei
AMULETA CU CEI 3 CELESTI,//i0.wp.com/totulestefengshui.ro/wp-content/uploads/2018/02/amuleta-breloc-trei-CELESTI.jpg?fit=300%2C200,120.00lei
Amuleta cu Mana lui Fatima,//i2.wp.com/totulestefengshui.ro/wp-content/uploads/2018/02/breloc-feng-shui-cu-mana-lui-hamsa-2018-600x541.jpg?fit=300%2C271,120.00lei
"Amuleta cu rinocerul si elefantul albastru impotriva furturilor, jafurilor si violentelor",//i1.wp.com/totulestefengshui.ro/wp-content/uploads/2017/03/Anti-burglary.jpg?fit=300%2C300,80.00lei
Amuleta cu simbolul Dorje aurie,//i2.wp.com/totulestefengshui.ro/wp-content/uploads/2018/02/breloc-feng-shui-cu-dorja-2018-600x541poza.jpg?fit=300%2C271,120.00lei
Amuleta cu Stupa Kalachakra si Silaba Hum pe Lotus,//i2.wp.com/totulestefengshui.ro/wp-content/uploads/2017/04/descarcare-11.jpg?fit=225%2C225,80.00lei
Amuleta cu Wou Lou pentru sanatate si protectie,//i2.wp.com/totulestefengshui.ro/wp-content/uploads/2018/02/B-ratari-Feng-Shui_Page_47.png?fit=300%2C300,280.00lei
Amuleta cu Wu Luo si Garuda pentru sanatate,//i1.wp.com/totulestefengshui.ro/wp-content/uploads/2017/12/amuleta-cu-garuda-si-wo-lou.jpg?fit=300%2C300,118.00lei
Amuleta Feng Shui cu Piciorul lui Buddha – 2018,//i0.wp.com/totulestefengshui.ro/wp-content/uploads/2018/02/breloc-feng-shui-cu-piciorul-lui-buddha-2018-600x541.jpg?fit=300%2C271,120.00lei
Amuleta Feng Shui cu Roata Rugaciunilor – 2018,//i1.wp.com/totulestefengshui.ro/wp-content/uploads/2018/02/breloc-feng-shui-roata-rugaciunilor-2018-600x541.jpg?fit=300%2C271,120.00lei
Amuleta pagoda cu cele 5 elemente,//i2.wp.com/totulestefengshui.ro/wp-content/uploads/2017/12/pagoda-celor-5-elemente.jpg?fit=300%2C300,180.00lei
AMULETA PENTRU SANATATE CU WOU LOU SI PASAREA GARUDA,//i1.wp.com/totulestefengshui.ro/wp-content/uploads/2017/03/Garuda-wu-lou.jpg?fit=300%2C300,80.00lei
Amuleta – Trinitatea Cailor,//i0.wp.com/totulestefengshui.ro/wp-content/uploads/2017/03/amuleta-trinitatea-cailor.jpg?fit=300%2C300,80.00lei
AMULETA CU CEI 3 CELESTI,//i0.wp.com/totulestefengshui.ro/wp-content/uploads/2018/02/amuleta-breloc-trei-CELESTI.jpg?fit=300%2C200,120.00lei
Amuleta cu Copacul dorintelor auriu,//i1.wp.com/totulestefengshui.ro/wp-content/uploads/2017/07/006.jpg?fit=95%2C95,80.00lei
Amuleta cu Mana lui Fatima,//i2.wp.com/totulestefengshui.ro/wp-content/uploads/2018/02/breloc-feng-shui-cu-mana-lui-hamsa-2018-600x541.jpg?fit=300%2C271,120.00lei
Amuleta cu Pasarea Phoenix,//i2.wp.com/totulestefengshui.ro/wp-content/uploads/2017/04/feng_shui_ameleta_cu_phoenix_stacojiu.jpg?fit=300%2C300,80.00lei
Amuleta cu pepite din jad,//i2.wp.com/totulestefengshui.ro/wp-content/uploads/2017/03/013.jpg?fit=300%2C300,10.00lei
Amuleta cu simbolul Dorje aurie,//i2.wp.com/totulestefengshui.ro/wp-content/uploads/2018/02/breloc-feng-shui-cu-dorja-2018-600x541poza.jpg?fit=300%2C271,120.00lei
Amuleta cu steaua nordului,//i1.wp.com/totulestefengshui.ro/wp-content/uploads/2017/03/heavenly-star.jpg?fit=300%2C300,80.00lei
Amuleta Feng Shui cu Roata Rugaciunilor – 2018,//i1.wp.com/totulestefengshui.ro/wp-content/uploads/2018/02/breloc-feng-shui-roata-rugaciunilor-2018-600x541.jpg?fit=300%2C271,120.00lei
Amuleta pentru Prosperitate si Succes in Cariera,//i2.wp.com/totulestefengshui.ro/wp-content/uploads/2017/03/Wealth-and-success-amulet.jpg?fit=300%2C300,80.00lei
Amuleta scolastica -( cu Crapul Dragon) pentru educatie si invatatura,//i1.wp.com/totulestefengshui.ro/wp-content/uploads/2017/03/Education-scholastic.jpg?fit=300%2C300,80.00lei
Amuleta- Roata rugaciuni verde,//i1.wp.com/totulestefengshui.ro/wp-content/uploads/2017/03/amuleta-roata-rugaciunii-verde.jpg?fit=300%2C300,80.00lei
Amuleta – Roata rugaciuni roz,//i1.wp.com/totulestefengshui.ro/wp-content/uploads/2017/03/Picture3.png?fit=227%2C300,80.00lei
Amuleta cu  Rudraksha,//i1.wp.com/totulestefengshui.ro/wp-content/uploads/2017/07/14-mukhi-2015.jpg?fit=300%2C300,128.00lei
AMULETA CU CEI 3 CELESTI,//i0.wp.com/totulestefengshui.ro/wp-content/uploads/2018/02/amuleta-breloc-trei-CELESTI.jpg?fit=300%2C200,120.00lei
Amuleta cu cifra 8,//i2.wp.com/totulestefengshui.ro/wp-content/uploads/2017/07/Breloc-cu-cifra-8-din-metal-si-cristale-1000x1000.jpg?fit=300%2C300,80.00lei
Amuleta-Umbrela Tibetana,//i2.wp.com/totulestefengshui.ro/wp-content/uploads/2017/03/Umbrela-parasol.jpg?fit=300%2C300,80.00lei
Bratara Calului de Vant pentru atragerea sustinerii divine,//i0.wp.com/totulestefengshui.ro/wp-content/uploads/2018/02/B-ratari-Feng-Shui_Page_04.png?fit=300%2C300,120.00lei
Bratara cu cu toate cele 5 Tare,//i0.wp.com/totulestefengshui.ro/wp-content/uploads/2018/02/B-ratari-Feng-Shui_Page_12.png?fit=300%2C300,120.00lei
Bratara cu jazi si inima,//i1.wp.com/totulestefengshui.ro/wp-content/uploads/2018/02/IMG_3500_burned.jpg?fit=300%2C300,120.00lei
Bratara de atragere a partenerului ideal cu simbolul dublei fericiri,//i2.wp.com/totulestefengshui.ro/wp-content/uploads/2018/02/B-ratari-Feng-Shui_Page_13.png?fit=300%2C300,120.00lei
Bratara de dragoste,//i0.wp.com/totulestefengshui.ro/wp-content/uploads/2018/02/bratara-de-dragoste.png?fit=300%2C300,120.00lei
Bratara de prosperitate cu Pomul Vietii si cei 5 dragoni,//i0.wp.com/totulestefengshui.ro/wp-content/uploads/2018/02/B-ratari-Feng-Shui_Page_22.png?fit=300%2C300,120.00lei
Bratara de protectie universala cu energia tuturor celor 5 elemente,//i1.wp.com/totulestefengshui.ro/wp-content/uploads/2018/02/B-ratari-Feng-Shui_Page_24.png?fit=300%2C300,120.00lei
