Amuleta cu Cocos pe pepita - rosu,"15,00A RON"
Amuleta cu Cocos pe pepita - galben,"15,00A RON"
Cocos auriu cu moneda,"38,00A RON"
Cocos auriu cu ochii rosii pe monede si pepite,"58,00A RON"
Cocos colorat pe suport - mare,"115,00A RON"
Cocos colorat pe suport,"65,00A RON"
Amuleta-Breloc cu Cocos auriu,"24,00A RON"
Amuleta-Breloc cu Cocos auriu cu sfera din ametist si evantai,"110,00A RON"
Cocos auriu pe monede si pepite,"58,00A RON"
Clopotel tibetan pentru purificarea locuintei,"200,00A RON"
Clopotel tibetan cu cele 8 obiecte norocoase si pagoda celor 5 elemente,"200,00A RON"
Cal auriu cu moneda,"38,00A RON"
Cocos cu Ru Yi pe monede si pepite,"58,00A RON"
Bratara Dzi cu noua ochi,"10,00A RON"
Amuleta cu trei monede chinezesti,"4,80A RON"
Sirag de noua monede I-Ching,"6,80A RON"
Sirag cu sase monede I-Ching,"4,80A RON"
Clopotel auriu cu dragon si pheonix,"11,00A RON"
Broasca raioasa pe monede norocoase,"4,90A RON"
Amuleta pentru protectie la accidente,"11,00A RON"
Trei monede cu nod mistic,"4,00A RON"
Amuleta cu dragon norocos,"5,80A RON"
Pagoda celor cinci elemente din rasina,"29,00A RON"
Pepita aurie,"1,50A RON"
Pereche de rate mandarine,"10,00A RON"
Sirag de opt monede I-Ching si nod mistic,"5,80A RON"
Pepita aurie din metal - mica,"3,50A RON"
Pereche de rate mandarine,"5,50A RON"
Rate mandarine pe lotus,"30,00A RON"
Amuleta cu moneda pentru avere si noroc-Lacatul Banilor sau moneda de incuiere a banilor,"11,00A RON"
